UserInput,Page,Result,URL
python,1,Software Engineer (Ref.: 200148),https://hk.jobsdb.com/hk/search-jobs/python/1,No: 1
python,1,Senior Computer Vision Engineer / Data Scientist - Software Developer,https://hk.jobsdb.com/hk/search-jobs/python/1,No: 2
python,1,"Senior Engineer (PI) /Engineer (PI), Computer Vision",https://hk.jobsdb.com/hk/search-jobs/python/1,No: 3
python,1,"Senior Engineer/Engineer, Software Testing and Quality Insurance",https://hk.jobsdb.com/hk/search-jobs/python/1,No: 4
python,1,"Senior Lead Engineer/Lead Engineer, Computer Vision",https://hk.jobsdb.com/hk/search-jobs/python/1,No: 5
python,1,"Senior Engineer/Engineer (PI), Software Development and Machine Learning",https://hk.jobsdb.com/hk/search-jobs/python/1,No: 6
python,1,"Senior Engineer/Engineer, Software Development and Machine Learning",https://hk.jobsdb.com/hk/search-jobs/python/1,No: 7
python,1,Model-Based System Software - Associate Principal Engineer,https://hk.jobsdb.com/hk/search-jobs/python/1,No: 8
python,1,Developer Trainee (China),https://hk.jobsdb.com/hk/search-jobs/python/1,No: 9
python,1,Python Developer (Banking / SAS),https://hk.jobsdb.com/hk/search-jobs/python/1,No: 10
python,1,AI Engineer / AI Developer - Python / Computer Vision | Local Start Up | up to HKD 45k + DB,https://hk.jobsdb.com/hk/search-jobs/python/1,No: 11
python,1,Data Engineer,https://hk.jobsdb.com/hk/search-jobs/python/1,No: 12
python,1,Enterprise Data Analyst (Ref: 220000VX),https://hk.jobsdb.com/hk/search-jobs/python/1,No: 13
python,1,PHP / Python Backend Developer (Up to 50k | In-house | Data Center),https://hk.jobsdb.com/hk/search-jobs/python/1,No: 14
python,1,Programmer ( Java/ JavaScript / C# / Python /PHP etc.) (Fresh grad welcome)(20K -45K),https://hk.jobsdb.com/hk/search-jobs/python/1,No: 15
python,1,Data Scientist / AI Engineer / NLP programmer,https://hk.jobsdb.com/hk/search-jobs/python/1,No: 16
python,1,Analyst Developer (E-Commerce),https://hk.jobsdb.com/hk/search-jobs/python/1,No: 17
python,1,Data Analyst (Ref: JD-DA),https://hk.jobsdb.com/hk/search-jobs/python/1,No: 18
python,1,Data Analyst (Data Management),https://hk.jobsdb.com/hk/search-jobs/python/1,No: 19
python,1,Backend Developer (Python |  Java),https://hk.jobsdb.com/hk/search-jobs/python/1,No: 20
python,1,Assistant Software Engineer,https://hk.jobsdb.com/hk/search-jobs/python/1,No: 21
python,1,Senior Associate (Data Analyst) – Risk Advisory Services,https://hk.jobsdb.com/hk/search-jobs/python/1,No: 22
python,1,Data Analyst,https://hk.jobsdb.com/hk/search-jobs/python/1,No: 23
python,1,Data Analyst,https://hk.jobsdb.com/hk/search-jobs/python/1,No: 24
python,1,"Software Engineer (Big Data, Business Intelligent)",https://hk.jobsdb.com/hk/search-jobs/python/1,No: 25
python,1,Data Engineer,https://hk.jobsdb.com/hk/search-jobs/python/1,No: 26
python,1,"Data Engineer (Global MNC, 35k, Perm)",https://hk.jobsdb.com/hk/search-jobs/python/1,No: 27
python,1,Software Developer / Programmer / Engineer,https://hk.jobsdb.com/hk/search-jobs/python/1,No: 28
python,1,(PERM /URGENT) Data Engineer,https://hk.jobsdb.com/hk/search-jobs/python/1,No: 29
python,1,Backend Software Engineer,https://hk.jobsdb.com/hk/search-jobs/python/1,No: 30
python,2,Backend Software Engineer,https://hk.jobsdb.com/hk/search-jobs/python/2,No: 31
python,2,Back-end Developer (Python/Node.js),https://hk.jobsdb.com/hk/search-jobs/python/2,No: 32
python,2,Senior Software Engineer / Software Engineer,https://hk.jobsdb.com/hk/search-jobs/python/2,No: 33
python,2,Machine Learning Engineer (Ref: MLE/JDB/2305),https://hk.jobsdb.com/hk/search-jobs/python/2,No: 34
python,2,"FP&A Data Analyst, Solutions Provider, B2B Business Operation (Ref: KIO-J077889)",https://hk.jobsdb.com/hk/search-jobs/python/2,No: 35
python,2,"Data Engineer / Lead Data Engineer (Big Data, ETL, Python, AWS)",https://hk.jobsdb.com/hk/search-jobs/python/2,No: 36
python,2,Contract Data Analyst,https://hk.jobsdb.com/hk/search-jobs/python/2,No: 37
python,2,Junior Computer Vision Engineer / Data Science - Software Developer,https://hk.jobsdb.com/hk/search-jobs/python/2,No: 38
python,2,"Senior Lead Engineer / Lead Engineer / Senior Engineer / Engineer, Image Processing",https://hk.jobsdb.com/hk/search-jobs/python/2,No: 39
python,2,Data Engineer (New Media Business),https://hk.jobsdb.com/hk/search-jobs/python/2,No: 40
python,2,Graduate Data Scientist,https://hk.jobsdb.com/hk/search-jobs/python/2,No: 41
python,2,Assistant Data Analyst,https://hk.jobsdb.com/hk/search-jobs/python/2,No: 42
python,2,"Principal Engineer / Associate Principal Engineer / Senior Lead Engineer, Software Development",https://hk.jobsdb.com/hk/search-jobs/python/2,No: 43
python,2,CRM Analyst (Data Modelling),https://hk.jobsdb.com/hk/search-jobs/python/2,No: 44
python,2,Senior Software Engineer/ Project Lead (Auto-ID & IoT),https://hk.jobsdb.com/hk/search-jobs/python/2,No: 45
python,2,Software Engineer,https://hk.jobsdb.com/hk/search-jobs/python/2,No: 46
python,2,Devops Engineer (Python / AWS),https://hk.jobsdb.com/hk/search-jobs/python/2,No: 47
python,2,Software Engineer | Up to 50K | Health tech,https://hk.jobsdb.com/hk/search-jobs/python/2,No: 48
python,2,Data Engineer,https://hk.jobsdb.com/hk/search-jobs/python/2,No: 49
python,2,Data Analyst - COO Finance (Banking),https://hk.jobsdb.com/hk/search-jobs/python/2,No: 50
python,2,Software Developer / Senior Software Developer,https://hk.jobsdb.com/hk/search-jobs/python/2,No: 51
python,2,Data Analyst,https://hk.jobsdb.com/hk/search-jobs/python/2,No: 52
python,2,"SA; AP - Java, Data, DEVOPS, mobile, Python, Websphere, Salesforce, Technical BA(infra)",https://hk.jobsdb.com/hk/search-jobs/python/2,No: 53
python,2,Software Developer/Programmer  (Backend/Full Stack ),https://hk.jobsdb.com/hk/search-jobs/python/2,No: 54
python,2,Data Scientist (Perm/ Enterprise),https://hk.jobsdb.com/hk/search-jobs/python/2,No: 55
python,2,CRM Analyst / Data Analyst,https://hk.jobsdb.com/hk/search-jobs/python/2,No: 56
python,2,Senior Data Engineer  (New Data Platform - Large Conglomerate),https://hk.jobsdb.com/hk/search-jobs/python/2,No: 57
python,2,Software Developer,https://hk.jobsdb.com/hk/search-jobs/python/2,No: 58
python,2,"Senior Officer (Data Analytics, Up to 30K)",https://hk.jobsdb.com/hk/search-jobs/python/2,No: 59
python,2,"Senior Lead Engineer/Lead Engineer, Intelligent IoT System",https://hk.jobsdb.com/hk/search-jobs/python/2,No: 60
python,3,Data Automation Analyst (SQL),https://hk.jobsdb.com/hk/search-jobs/python/3,No: 61
python,3,Senior Lead Engineer/ Lead Engineer /Senior Engineer/ Engineer – Machine Learning,https://hk.jobsdb.com/hk/search-jobs/python/3,No: 62
python,3,Software Engineer (AI / Machine Learning Programming),https://hk.jobsdb.com/hk/search-jobs/python/3,No: 63
python,3,"Senior Manager, Customer Value Management - Python and SAS Data Analyst",https://hk.jobsdb.com/hk/search-jobs/python/3,No: 64
python,3,Senior Data Analyst,https://hk.jobsdb.com/hk/search-jobs/python/3,No: 65
python,3,Business Data Analyst,https://hk.jobsdb.com/hk/search-jobs/python/3,No: 66
python,3,Lead Data Engineer/Architect - Global Insurance group,https://hk.jobsdb.com/hk/search-jobs/python/3,No: 67
python,3,Application Developer,https://hk.jobsdb.com/hk/search-jobs/python/3,No: 68
python,3,Data Analyst,https://hk.jobsdb.com/hk/search-jobs/python/3,No: 69
python,3,"Interns (2023 - 2024, 20+ Openings)",https://hk.jobsdb.com/hk/search-jobs/python/3,No: 70
python,3,Software Engineer,https://hk.jobsdb.com/hk/search-jobs/python/3,No: 71
python,3,Software Developer,https://hk.jobsdb.com/hk/search-jobs/python/3,No: 72
python,3,Accenture Song – Customer Analytics Data Science Lead,https://hk.jobsdb.com/hk/search-jobs/python/3,No: 73
python,3,"Data Scientist/ Software Engineer (MPhil/BEng/ 0-5yr Exp., AI & FinTech)",https://hk.jobsdb.com/hk/search-jobs/python/3,No: 74
python,3,Senior Data Engineer （Cloud BI/ Machine Learning/ A.I.）,https://hk.jobsdb.com/hk/search-jobs/python/3,No: 75
python,3,Graduate Programme - Data Engineering,https://hk.jobsdb.com/hk/search-jobs/python/3,No: 76
python,3,Software Engineer,https://hk.jobsdb.com/hk/search-jobs/python/3,No: 77
python,3,"Financial Analyst - Data Analysis / Reports Preparation, Finance Department (MJ001811)",https://hk.jobsdb.com/hk/search-jobs/python/3,No: 78
python,3,Backend Developer / Senior Backend Developer,https://hk.jobsdb.com/hk/search-jobs/python/3,No: 79
python,3,Data Engineer,https://hk.jobsdb.com/hk/search-jobs/python/3,No: 80
python,3,"Senior Lead Engineer / Lead Engineer, Computer Vision",https://hk.jobsdb.com/hk/search-jobs/python/3,No: 81
python,3,"Cloud Data Engineer, AWS - Insurance",https://hk.jobsdb.com/hk/search-jobs/python/3,No: 82
python,3,Software development engineer,https://hk.jobsdb.com/hk/search-jobs/python/3,No: 83
python,3,Data Engineer - APAC IoT Infrastructure Company - Up to HKD$45K/month,https://hk.jobsdb.com/hk/search-jobs/python/3,No: 84
python,3,Online Data Analyst Thailand,https://hk.jobsdb.com/hk/search-jobs/python/3,No: 85
python,3,"Senior Lead Engineer / Lead Engineer, Software",https://hk.jobsdb.com/hk/search-jobs/python/3,No: 86
python,3,Backend Developer,https://hk.jobsdb.com/hk/search-jobs/python/3,No: 87
python,3,"Data Manager / Engineer / Analyst, Data Platform",https://hk.jobsdb.com/hk/search-jobs/python/3,No: 88
python,3,Software Engineer - Top Security Brokerage/ Corporate Financing,https://hk.jobsdb.com/hk/search-jobs/python/3,No: 89
python,3,Business and Data Analyst,https://hk.jobsdb.com/hk/search-jobs/python/3,No: 90
python,4,Online Data Analyst Thailand,https://hk.jobsdb.com/hk/search-jobs/python/4,No: 91
python,4,Data Analyst,https://hk.jobsdb.com/hk/search-jobs/python/4,No: 92
python,4,Backend Developer,https://hk.jobsdb.com/hk/search-jobs/python/4,No: 93
python,4,"Data Manager / Engineer / Analyst, Data Platform",https://hk.jobsdb.com/hk/search-jobs/python/4,No: 94
python,4,Embedded System - Senior Engineer / Engineer,https://hk.jobsdb.com/hk/search-jobs/python/4,No: 95
python,4,Software Engineer - Top Security Brokerage/ Corporate Financing,https://hk.jobsdb.com/hk/search-jobs/python/4,No: 96
python,4,Business and Data Analyst,https://hk.jobsdb.com/hk/search-jobs/python/4,No: 97
python,4,Software Architect,https://hk.jobsdb.com/hk/search-jobs/python/4,No: 98
python,4,"Senior Researcher, AI Algorithm",https://hk.jobsdb.com/hk/search-jobs/python/4,No: 99
python,4,"Senior Algorithm and Software Engineer, Artificial Intelligence",https://hk.jobsdb.com/hk/search-jobs/python/4,No: 100
python,4,Analytic Programmer / Programmer (Human-AI Interaction),https://hk.jobsdb.com/hk/search-jobs/python/4,No: 101
python,4,"Senior Lead Engineer / Lead Engineer, Computer Vision",https://hk.jobsdb.com/hk/search-jobs/python/4,No: 102
python,4,Software Engineer (C / C++ Preferred) (Fresh Graduate / IANG Holder Is Welcome),https://hk.jobsdb.com/hk/search-jobs/python/4,No: 103
python,4,Business Data Analyst,https://hk.jobsdb.com/hk/search-jobs/python/4,No: 104
python,4,"Developer (Machine Learning, 35K)",https://hk.jobsdb.com/hk/search-jobs/python/4,No: 105
python,4,DevOps Engineer,https://hk.jobsdb.com/hk/search-jobs/python/4,No: 106
python,4,System Analyst / Backend Developer / Software Engineer (PHP),https://hk.jobsdb.com/hk/search-jobs/python/4,No: 107
python,4,AI Specialist/Senior AI Programmer (Ref.: 200156),https://hk.jobsdb.com/hk/search-jobs/python/4,No: 108
python,4,Data Engineer (Ref: DE/JDB),https://hk.jobsdb.com/hk/search-jobs/python/4,No: 109
python,4,Quantitative Developer,https://hk.jobsdb.com/hk/search-jobs/python/4,No: 110
python,4,Design Verification Engineer/Intern,https://hk.jobsdb.com/hk/search-jobs/python/4,No: 111
python,4,Software Engineer / Senior Software Engineer (Web),https://hk.jobsdb.com/hk/search-jobs/python/4,No: 112
python,4,Jr. Software Engineer/Software Engineer / Jr. System Engineer/System Engineer / Project Executive,https://hk.jobsdb.com/hk/search-jobs/python/4,No: 113
python,4,Application Developer,https://hk.jobsdb.com/hk/search-jobs/python/4,No: 114
python,4,Automation Developer,https://hk.jobsdb.com/hk/search-jobs/python/4,No: 115
python,4,Senior Data Engineer - AWS Cloud Implementation,https://hk.jobsdb.com/hk/search-jobs/python/4,No: 116
python,4,AI Programmer / Specialist (Ref.: 200127),https://hk.jobsdb.com/hk/search-jobs/python/4,No: 117
python,4,Senior Data Analyst (SQL),https://hk.jobsdb.com/hk/search-jobs/python/4,No: 118
python,4,Software engineer,https://hk.jobsdb.com/hk/search-jobs/python/4,No: 119
python,4,Space Planner (Data Analyst),https://hk.jobsdb.com/hk/search-jobs/python/4,No: 120
python,5,Web Programmer,https://hk.jobsdb.com/hk/search-jobs/python/5,No: 121
python,5,Senior Software Engineer/Software Engineer (at the rank of IT Officer/IT Technician),https://hk.jobsdb.com/hk/search-jobs/python/5,No: 122
python,5,Senior Software Engineer / Software Engineer,https://hk.jobsdb.com/hk/search-jobs/python/5,No: 123
python,5,Senior Software Developer,https://hk.jobsdb.com/hk/search-jobs/python/5,No: 124
python,5,Software Engineer / Quant Developer (Java),https://hk.jobsdb.com/hk/search-jobs/python/5,No: 125
python,5,"Senior Lead Engineer / Lead Engineer, Computer Vision",https://hk.jobsdb.com/hk/search-jobs/python/5,No: 126
python,5,DevOps Engineer,https://hk.jobsdb.com/hk/search-jobs/python/5,No: 127
python,5,"data analyst, claims department",https://hk.jobsdb.com/hk/search-jobs/python/5,No: 128
python,5,Quantitative Developer,https://hk.jobsdb.com/hk/search-jobs/python/5,No: 129
python,5,Senior Data Consultant,https://hk.jobsdb.com/hk/search-jobs/python/5,No: 130
python,5,Quantitative Trading: Application Developers - Major Bank,https://hk.jobsdb.com/hk/search-jobs/python/5,No: 131
python,5,Senior Data Scientist (Advanced Analytics) - Leading Investment Platform,https://hk.jobsdb.com/hk/search-jobs/python/5,No: 132
python,5,Post-doctoral Fellow in Global Health and Big Data,https://hk.jobsdb.com/hk/search-jobs/python/5,No: 133
python,5,Business Analytics/Business Planning/ Business Intelligenc/Data Analytics Manager (Multi - openings),https://hk.jobsdb.com/hk/search-jobs/python/5,No: 134
python,5,Software Engineer (Fresh Graduates are welcome),https://hk.jobsdb.com/hk/search-jobs/python/5,No: 135
python,5,Application Developer,https://hk.jobsdb.com/hk/search-jobs/python/5,No: 136
python,5,Software Engineer (Ref: JDB/CISC/SE),https://hk.jobsdb.com/hk/search-jobs/python/5,No: 137
python,5,Data Scientist,https://hk.jobsdb.com/hk/search-jobs/python/5,No: 138
python,5,Senior Artificial Intelligence Specialist (Ref.: 200143),https://hk.jobsdb.com/hk/search-jobs/python/5,No: 139
python,5,Computational Scientist / Senior Computational Scientist (ES-CPAS),https://hk.jobsdb.com/hk/search-jobs/python/5,No: 140
python,5,Software Developer / Programmer (Digital Transformation) (Ref:011),https://hk.jobsdb.com/hk/search-jobs/python/5,No: 141
python,5,"Senior Software Engineer (Java, up to 60k) (Ref_3512)",https://hk.jobsdb.com/hk/search-jobs/python/5,No: 142
python,5,Fintech Intern – Information Technology (12-month contract),https://hk.jobsdb.com/hk/search-jobs/python/5,No: 143
python,5,Project Specialist (at the rank of Post-doctoral Fellow) (Ref.: 200139),https://hk.jobsdb.com/hk/search-jobs/python/5,No: 144
python,5,Software Engineer - Backend Development (REF: CESG/SE),https://hk.jobsdb.com/hk/search-jobs/python/5,No: 145
python,5,DevOps/ Frontend/ Backend Developer - FinTech / IT,https://hk.jobsdb.com/hk/search-jobs/python/5,No: 146
python,5,SRE Engineer | Cloud | Financial Institution,https://hk.jobsdb.com/hk/search-jobs/python/5,No: 147
python,5,Quantitative Researcher (Options),https://hk.jobsdb.com/hk/search-jobs/python/5,No: 148
python,5,Senior Developer (Backend),https://hk.jobsdb.com/hk/search-jobs/python/5,No: 149
python,5,Golang小游戏服务端开发工程师,https://hk.jobsdb.com/hk/search-jobs/python/5,No: 150
python,6,DevOps Engineer,https://hk.jobsdb.com/hk/search-jobs/python/6,No: 151
python,6,Senior Software Developer,https://hk.jobsdb.com/hk/search-jobs/python/6,No: 152
python,6,DevOps Engineer,https://hk.jobsdb.com/hk/search-jobs/python/6,No: 153
python,6,Data Science Intern,https://hk.jobsdb.com/hk/search-jobs/python/6,No: 154
python,6,Senior DevOps Engineer,https://hk.jobsdb.com/hk/search-jobs/python/6,No: 155
python,6,Researcher (Technology Development),https://hk.jobsdb.com/hk/search-jobs/python/6,No: 156
python,6,"Analyst, Business Analytics",https://hk.jobsdb.com/hk/search-jobs/python/6,No: 157
python,6,DevOps Engineer,https://hk.jobsdb.com/hk/search-jobs/python/6,No: 158
python,6,Software Developer / Programmer ( Frontend / Backend / Full Stack ),https://hk.jobsdb.com/hk/search-jobs/python/6,No: 159
python,6,"Senior Data Analyst, Consumer Insights and Analytics (2-year Renewable Contract)",https://hk.jobsdb.com/hk/search-jobs/python/6,No: 160
python,6,Programmer - IT Division,https://hk.jobsdb.com/hk/search-jobs/python/6,No: 161
python,6,Senior Software Engineer / Software Engineer – Machine Learning on products  (VTT314/J03),https://hk.jobsdb.com/hk/search-jobs/python/6,No: 162
python,6,Software Engineer (Technology Development),https://hk.jobsdb.com/hk/search-jobs/python/6,No: 163
python,6,Full Stack Software Engineer - build apps serving millions users !,https://hk.jobsdb.com/hk/search-jobs/python/6,No: 164
python,6,Senior Engineer/ Engineer/ Engineering Associate (Temporary),https://hk.jobsdb.com/hk/search-jobs/python/6,No: 165
python,6,"Consultant/Senior Consultant -  Financial Risk Management, Risk Consulting",https://hk.jobsdb.com/hk/search-jobs/python/6,No: 166
python,6,Financial Services Assurance - APAC Data Analytics - Enablement Lead - Hong Kong,https://hk.jobsdb.com/hk/search-jobs/python/6,No: 167
python,6,"Deputy Manager, Data Platform & Visualization",https://hk.jobsdb.com/hk/search-jobs/python/6,No: 168
python,6,Software Engineer / Software Developer,https://hk.jobsdb.com/hk/search-jobs/python/6,No: 169
python,6,Software Engineer (C#/ Listed Company / 2-3 mth bonus),https://hk.jobsdb.com/hk/search-jobs/python/6,No: 170
python,6,Internship for Software Supplier Quality (M/PQT10.6) - for 6 months,https://hk.jobsdb.com/hk/search-jobs/python/6,No: 171
python,6,"Data Engineer (35-50k, financial service)",https://hk.jobsdb.com/hk/search-jobs/python/6,No: 172
python,6,Development Lead VP - Financial Trading Technology,https://hk.jobsdb.com/hk/search-jobs/python/6,No: 173
python,6,Software Developer/ Programmer/ Analyst Programmer,https://hk.jobsdb.com/hk/search-jobs/python/6,No: 174
python,6,"Senior Engineer/ Engineer/ Engineering Associate (PI), Machine Learning and Software Development",https://hk.jobsdb.com/hk/search-jobs/python/6,No: 175
python,6,Software Engineer - AVP - Markets Systems - IT (R000673),https://hk.jobsdb.com/hk/search-jobs/python/6,No: 176
python,6,Software Developer,https://hk.jobsdb.com/hk/search-jobs/python/6,No: 177
python,6,Senior Optical Designer,https://hk.jobsdb.com/hk/search-jobs/python/6,No: 178
python,6,"Product Development Analyst, Aftersales",https://hk.jobsdb.com/hk/search-jobs/python/6,No: 179
python,6,Data Engineer,https://hk.jobsdb.com/hk/search-jobs/python/6,No: 180
